Post URL,Post Title,Price,Rating
Missing,Bird with Flowers Laser Printed Waterslide Decal for Tumblers Ready to Use Tumbler Printed Image Transfer Design Floral Bouquet,1.00,4.8902
Missing,Wise Owl Furniture Salve | 8 ounce | 32 ounce,32.00,4.8
Missing,Montessori furniture toddler table and montessori stool Kids table and chairs baby gym activity gaming table,565.00,5
Missing,"NEW! Furniture Transfer, No Water Transfer, Rub on Transfers by Redesign with Prima, Decor Transfers, PINK FLAMINGOS, Flamingos",12.99,4.942
Missing,Mono Tulip - Rub-On Furniture Decal transfer by redesign with Prima!,29.99,4.9481
Missing,"Secret Letter 2 DecorTransfer, ReDesign with Prima, Prima Transfer, Furniture Transfer, Rub on Transfer, Script Transfer, White Letter Decal",13.50,4.9118
Missing,"WISE OWL Furniture SALVE, Fast Free Shipping",31.00,4.9318
Missing,"Pack of 4pc Acrylic Clear Furniture Legs 4"" Square Crystal Glass Replacement Sofa Couch Feet  Decor for Cabinet Dresser",48.00,4.6375
Missing,"Hibiscus & Palm Leaves Rub-on Transfer for furniture and wood signs, summer transfers, floral transfer rub on",15.95,4.9891
Missing,"DISTRESSED BORDERS II, Rub On Transfers For Furniture, Furniture Decals, ReDesign With Prima Transfers,",29.99,4.9587
Missing,Fisher Price Loving Family 2 In 1 Seasonal Room Christmas Fireplace Cat,33.25,4.9565
Missing,"STUFFED FILLED Moroccan Pouf Pouffe Leather Decor Brown Nursery Ottoman Natural Footstool Cover, Handmade, Chair, Nursery, Round, Insert",54.95,4.6667
Missing,Redesign with Prima Decor Transfer- Poppy Garden,35.00,5
Missing,"Vinyl Record Storage, Turntable Stand, Handmade Furniture, Mid century modern  ''Lambda''",319.00,5
Missing,Gaming table Montessori furniture toddler table and montessori stool baby gym activity Kids table and chairs,565.00,5
